n,variance,layer,architecture,task,kind,source
1,2628.2285,c2,AtlasNet_seed=0,Standard,a_NA,pcs_NA
2,113.969185,c2,AtlasNet_seed=0,Standard,a_NA,pcs_NA
3,93.5695,c2,AtlasNet_seed=0,Standard,a_NA,pcs_NA
4,56.226852,c2,AtlasNet_seed=0,Standard,a_NA,pcs_NA
5,39.507538,c2,AtlasNet_seed=0,Standard,a_NA,pcs_NA
6,30.9705,c2,AtlasNet_seed=0,Standard,a_NA,pcs_NA
7,19.31094,c2,AtlasNet_seed=0,Standard,a_NA,pcs_NA
8,11.037664,c2,AtlasNet_seed=0,Standard,a_NA,pcs_NA
9,9.526245,c2,AtlasNet_seed=0,Standard,a_NA,pcs_NA
10,8.215189,c2,AtlasNet_seed=0,Standard,a_NA,pcs_NA
11,7.857163,c2,AtlasNet_seed=0,Standard,a_NA,pcs_NA
12,6.923599,c2,AtlasNet_seed=0,Standard,a_NA,pcs_NA
13,6.3685074,c2,AtlasNet_seed=0,Standard,a_NA,pcs_NA
14,5.6114383,c2,AtlasNet_seed=0,Standard,a_NA,pcs_NA
15,5.2762227,c2,AtlasNet_seed=0,Standard,a_NA,pcs_NA
16,5.0398536,c2,AtlasNet_seed=0,Standard,a_NA,pcs_NA
17,4.8323116,c2,AtlasNet_seed=0,Standard,a_NA,pcs_NA
18,4.7682114,c2,AtlasNet_seed=0,Standard,a_NA,pcs_NA
19,4.5060296,c2,AtlasNet_seed=0,Standard,a_NA,pcs_NA
20,4.378395,c2,AtlasNet_seed=0,Standard,a_NA,pcs_NA
21,3.973911,c2,AtlasNet_seed=0,Standard,a_NA,pcs_NA
22,3.9481733,c2,AtlasNet_seed=0,Standard,a_NA,pcs_NA
23,3.8267467,c2,AtlasNet_seed=0,Standard,a_NA,pcs_NA
24,3.7857711,c2,AtlasNet_seed=0,Standard,a_NA,pcs_NA
25,3.7224329,c2,AtlasNet_seed=0,Standard,a_NA,pcs_NA
26,3.5765464,c2,AtlasNet_seed=0,Standard,a_NA,pcs_NA
27,3.4931896,c2,AtlasNet_seed=0,Standard,a_NA,pcs_NA
28,3.4166346,c2,AtlasNet_seed=0,Standard,a_NA,pcs_NA
29,3.309156,c2,AtlasNet_seed=0,Standard,a_NA,pcs_NA
30,3.2456644,c2,AtlasNet_seed=0,Standard,a_NA,pcs_NA
31,3.1716838,c2,AtlasNet_seed=0,Standard,a_NA,pcs_NA
32,3.0589993,c2,AtlasNet_seed=0,Standard,a_NA,pcs_NA
33,2.873428,c2,AtlasNet_seed=0,Standard,a_NA,pcs_NA
34,2.8442845,c2,AtlasNet_seed=0,Standard,a_NA,pcs_NA
35,2.7715814,c2,AtlasNet_seed=0,Standard,a_NA,pcs_NA
36,2.665544,c2,AtlasNet_seed=0,Standard,a_NA,pcs_NA
37,2.6263797,c2,AtlasNet_seed=0,Standard,a_NA,pcs_NA
38,2.5418816,c2,AtlasNet_seed=0,Standard,a_NA,pcs_NA
39,2.4910798,c2,AtlasNet_seed=0,Standard,a_NA,pcs_NA
40,2.4709566,c2,AtlasNet_seed=0,Standard,a_NA,pcs_NA
41,2.4303184,c2,AtlasNet_seed=0,Standard,a_NA,pcs_NA
42,2.3916516,c2,AtlasNet_seed=0,Standard,a_NA,pcs_NA
43,2.3420098,c2,AtlasNet_seed=0,Standard,a_NA,pcs_NA
44,2.2180643,c2,AtlasNet_seed=0,Standard,a_NA,pcs_NA
45,2.197734,c2,AtlasNet_seed=0,Standard,a_NA,pcs_NA
46,2.1389306,c2,AtlasNet_seed=0,Standard,a_NA,pcs_NA
47,2.087766,c2,AtlasNet_seed=0,Standard,a_NA,pcs_NA
48,2.049862,c2,AtlasNet_seed=0,Standard,a_NA,pcs_NA
49,2.0362556,c2,AtlasNet_seed=0,Standard,a_NA,pcs_NA
50,2.0081282,c2,AtlasNet_seed=0,Standard,a_NA,pcs_NA
51,1.9737893,c2,AtlasNet_seed=0,Standard,a_NA,pcs_NA
52,1.9337546,c2,AtlasNet_seed=0,Standard,a_NA,pcs_NA
53,1.9150581,c2,AtlasNet_seed=0,Standard,a_NA,pcs_NA
54,1.9044123,c2,AtlasNet_seed=0,Standard,a_NA,pcs_NA
55,1.8834403,c2,AtlasNet_seed=0,Standard,a_NA,pcs_NA
56,1.8536094,c2,AtlasNet_seed=0,Standard,a_NA,pcs_NA
57,1.8356649,c2,AtlasNet_seed=0,Standard,a_NA,pcs_NA
58,1.8107846,c2,AtlasNet_seed=0,Standard,a_NA,pcs_NA
59,1.8004837,c2,AtlasNet_seed=0,Standard,a_NA,pcs_NA
60,1.7555754,c2,AtlasNet_seed=0,Standard,a_NA,pcs_NA
61,1.7476058,c2,AtlasNet_seed=0,Standard,a_NA,pcs_NA
62,1.7449408,c2,AtlasNet_seed=0,Standard,a_NA,pcs_NA
63,1.7338899,c2,AtlasNet_seed=0,Standard,a_NA,pcs_NA
64,1.7123731,c2,AtlasNet_seed=0,Standard,a_NA,pcs_NA
65,1.6636795,c2,AtlasNet_seed=0,Standard,a_NA,pcs_NA
66,1.6596112,c2,AtlasNet_seed=0,Standard,a_NA,pcs_NA
67,1.6513337,c2,AtlasNet_seed=0,Standard,a_NA,pcs_NA
68,1.6327939,c2,AtlasNet_seed=0,Standard,a_NA,pcs_NA
69,1.6299375,c2,AtlasNet_seed=0,Standard,a_NA,pcs_NA
70,1.6118463,c2,AtlasNet_seed=0,Standard,a_NA,pcs_NA
71,1.5908593,c2,AtlasNet_seed=0,Standard,a_NA,pcs_NA
72,1.5825725,c2,AtlasNet_seed=0,Standard,a_NA,pcs_NA
73,1.5731763,c2,AtlasNet_seed=0,Standard,a_NA,pcs_NA
74,1.5632304,c2,AtlasNet_seed=0,Standard,a_NA,pcs_NA
75,1.5536892,c2,AtlasNet_seed=0,Standard,a_NA,pcs_NA
76,1.5310177,c2,AtlasNet_seed=0,Standard,a_NA,pcs_NA
77,1.5245795,c2,AtlasNet_seed=0,Standard,a_NA,pcs_NA
78,1.5083832,c2,AtlasNet_seed=0,Standard,a_NA,pcs_NA
79,1.5007988,c2,AtlasNet_seed=0,Standard,a_NA,pcs_NA
80,1.4850376,c2,AtlasNet_seed=0,Standard,a_NA,pcs_NA
81,1.4807981,c2,AtlasNet_seed=0,Standard,a_NA,pcs_NA
82,1.4713011,c2,AtlasNet_seed=0,Standard,a_NA,pcs_NA
83,1.4556221,c2,AtlasNet_seed=0,Standard,a_NA,pcs_NA
84,1.4410911,c2,AtlasNet_seed=0,Standard,a_NA,pcs_NA
85,1.4317907,c2,AtlasNet_seed=0,Standard,a_NA,pcs_NA
86,1.4242154,c2,AtlasNet_seed=0,Standard,a_NA,pcs_NA
87,1.4225041,c2,AtlasNet_seed=0,Standard,a_NA,pcs_NA
88,1.41669,c2,AtlasNet_seed=0,Standard,a_NA,pcs_NA
89,1.4084653,c2,AtlasNet_seed=0,Standard,a_NA,pcs_NA
90,1.4038781,c2,AtlasNet_seed=0,Standard,a_NA,pcs_NA
91,1.393408,c2,AtlasNet_seed=0,Standard,a_NA,pcs_NA
92,1.3917279,c2,AtlasNet_seed=0,Standard,a_NA,pcs_NA
93,1.3760573,c2,AtlasNet_seed=0,Standard,a_NA,pcs_NA
94,1.3725635,c2,AtlasNet_seed=0,Standard,a_NA,pcs_NA
95,1.3663453,c2,AtlasNet_seed=0,Standard,a_NA,pcs_NA
96,1.3541253,c2,AtlasNet_seed=0,Standard,a_NA,pcs_NA
97,1.3479006,c2,AtlasNet_seed=0,Standard,a_NA,pcs_NA
98,1.3432484,c2,AtlasNet_seed=0,Standard,a_NA,pcs_NA
99,1.3296175,c2,AtlasNet_seed=0,Standard,a_NA,pcs_NA
100,1.3277415,c2,AtlasNet_seed=0,Standard,a_NA,pcs_NA
101,1.3212092,c2,AtlasNet_seed=0,Standard,a_NA,pcs_NA
102,1.3158208,c2,AtlasNet_seed=0,Standard,a_NA,pcs_NA
103,1.3122495,c2,AtlasNet_seed=0,Standard,a_NA,pcs_NA
104,1.2929149,c2,AtlasNet_seed=0,Standard,a_NA,pcs_NA
105,1.2875844,c2,AtlasNet_seed=0,Standard,a_NA,pcs_NA
106,1.286722,c2,AtlasNet_seed=0,Standard,a_NA,pcs_NA
107,1.2807648,c2,AtlasNet_seed=0,Standard,a_NA,pcs_NA
108,1.2777623,c2,AtlasNet_seed=0,Standard,a_NA,pcs_NA
109,1.2727084,c2,AtlasNet_seed=0,Standard,a_NA,pcs_NA
110,1.2696317,c2,AtlasNet_seed=0,Standard,a_NA,pcs_NA
111,1.2654119,c2,AtlasNet_seed=0,Standard,a_NA,pcs_NA
112,1.2608881,c2,AtlasNet_seed=0,Standard,a_NA,pcs_NA
113,1.2516364,c2,AtlasNet_seed=0,Standard,a_NA,pcs_NA
114,1.2410833,c2,AtlasNet_seed=0,Standard,a_NA,pcs_NA
115,1.2378155,c2,AtlasNet_seed=0,Standard,a_NA,pcs_NA
116,1.2354573,c2,AtlasNet_seed=0,Standard,a_NA,pcs_NA
117,1.2286059,c2,AtlasNet_seed=0,Standard,a_NA,pcs_NA
118,1.2248015,c2,AtlasNet_seed=0,Standard,a_NA,pcs_NA
119,1.2222564,c2,AtlasNet_seed=0,Standard,a_NA,pcs_NA
120,1.218085,c2,AtlasNet_seed=0,Standard,a_NA,pcs_NA
121,1.2140768,c2,AtlasNet_seed=0,Standard,a_NA,pcs_NA
122,1.2103255,c2,AtlasNet_seed=0,Standard,a_NA,pcs_NA
123,1.207015,c2,AtlasNet_seed=0,Standard,a_NA,pcs_NA
124,1.2026554,c2,AtlasNet_seed=0,Standard,a_NA,pcs_NA
125,1.1969175,c2,AtlasNet_seed=0,Standard,a_NA,pcs_NA
126,1.1941555,c2,AtlasNet_seed=0,Standard,a_NA,pcs_NA
127,1.1901169,c2,AtlasNet_seed=0,Standard,a_NA,pcs_NA
128,1.1816895,c2,AtlasNet_seed=0,Standard,a_NA,pcs_NA
129,1.1762307,c2,AtlasNet_seed=0,Standard,a_NA,pcs_NA
130,1.1728246,c2,AtlasNet_seed=0,Standard,a_NA,pcs_NA
131,1.1666753,c2,AtlasNet_seed=0,Standard,a_NA,pcs_NA
132,1.164574,c2,AtlasNet_seed=0,Standard,a_NA,pcs_NA
133,1.1599585,c2,AtlasNet_seed=0,Standard,a_NA,pcs_NA
134,1.1569597,c2,AtlasNet_seed=0,Standard,a_NA,pcs_NA
135,1.1540929,c2,AtlasNet_seed=0,Standard,a_NA,pcs_NA
136,1.1521658,c2,AtlasNet_seed=0,Standard,a_NA,pcs_NA
137,1.147893,c2,AtlasNet_seed=0,Standard,a_NA,pcs_NA
138,1.1427838,c2,AtlasNet_seed=0,Standard,a_NA,pcs_NA
139,1.1385516,c2,AtlasNet_seed=0,Standard,a_NA,pcs_NA
140,1.137943,c2,AtlasNet_seed=0,Standard,a_NA,pcs_NA
141,1.1328163,c2,AtlasNet_seed=0,Standard,a_NA,pcs_NA
142,1.1315131,c2,AtlasNet_seed=0,Standard,a_NA,pcs_NA
143,1.1300123,c2,AtlasNet_seed=0,Standard,a_NA,pcs_NA
144,1.1215681,c2,AtlasNet_seed=0,Standard,a_NA,pcs_NA
145,1.1210296,c2,AtlasNet_seed=0,Standard,a_NA,pcs_NA
146,1.1195561,c2,AtlasNet_seed=0,Standard,a_NA,pcs_NA
147,1.1146699,c2,AtlasNet_seed=0,Standard,a_NA,pcs_NA
148,1.1118375,c2,AtlasNet_seed=0,Standard,a_NA,pcs_NA
149,1.1100959,c2,AtlasNet_seed=0,Standard,a_NA,pcs_NA
150,1.1094075,c2,AtlasNet_seed=0,Standard,a_NA,pcs_NA
151,1.1029754,c2,AtlasNet_seed=0,Standard,a_NA,pcs_NA
152,1.1007125,c2,AtlasNet_seed=0,Standard,a_NA,pcs_NA
153,1.0935397,c2,AtlasNet_seed=0,Standard,a_NA,pcs_NA
154,1.0904524,c2,AtlasNet_seed=0,Standard,a_NA,pcs_NA
155,1.0877098,c2,AtlasNet_seed=0,Standard,a_NA,pcs_NA
156,1.0873826,c2,AtlasNet_seed=0,Standard,a_NA,pcs_NA
157,1.0852889,c2,AtlasNet_seed=0,Standard,a_NA,pcs_NA
158,1.0789131,c2,AtlasNet_seed=0,Standard,a_NA,pcs_NA
159,1.0759208,c2,AtlasNet_seed=0,Standard,a_NA,pcs_NA
160,1.0712218,c2,AtlasNet_seed=0,Standard,a_NA,pcs_NA
161,1.0677785,c2,AtlasNet_seed=0,Standard,a_NA,pcs_NA
162,1.066826,c2,AtlasNet_seed=0,Standard,a_NA,pcs_NA
163,1.0646199,c2,AtlasNet_seed=0,Standard,a_NA,pcs_NA
164,1.0589993,c2,AtlasNet_seed=0,Standard,a_NA,pcs_NA
165,1.0581238,c2,AtlasNet_seed=0,Standard,a_NA,pcs_NA
166,1.0545806,c2,AtlasNet_seed=0,Standard,a_NA,pcs_NA
167,1.0517608,c2,AtlasNet_seed=0,Standard,a_NA,pcs_NA
168,1.049252,c2,AtlasNet_seed=0,Standard,a_NA,pcs_NA
169,1.0464194,c2,AtlasNet_seed=0,Standard,a_NA,pcs_NA
170,1.0432922,c2,AtlasNet_seed=0,Standard,a_NA,pcs_NA
171,1.0405376,c2,AtlasNet_seed=0,Standard,a_NA,pcs_NA
172,1.0386975,c2,AtlasNet_seed=0,Standard,a_NA,pcs_NA
173,1.0352478,c2,AtlasNet_seed=0,Standard,a_NA,pcs_NA
174,1.0331479,c2,AtlasNet_seed=0,Standard,a_NA,pcs_NA
175,1.0301694,c2,AtlasNet_seed=0,Standard,a_NA,pcs_NA
176,1.0275414,c2,AtlasNet_seed=0,Standard,a_NA,pcs_NA
177,1.0223083,c2,AtlasNet_seed=0,Standard,a_NA,pcs_NA
178,1.0216975,c2,AtlasNet_seed=0,Standard,a_NA,pcs_NA
179,1.0187695,c2,AtlasNet_seed=0,Standard,a_NA,pcs_NA
180,1.0168035,c2,AtlasNet_seed=0,Standard,a_NA,pcs_NA
181,1.0148766,c2,AtlasNet_seed=0,Standard,a_NA,pcs_NA
182,1.0130416,c2,AtlasNet_seed=0,Standard,a_NA,pcs_NA
183,1.0111672,c2,AtlasNet_seed=0,Standard,a_NA,pcs_NA
184,1.008262,c2,AtlasNet_seed=0,Standard,a_NA,pcs_NA
185,1.0046436,c2,AtlasNet_seed=0,Standard,a_NA,pcs_NA
186,1.0025727,c2,AtlasNet_seed=0,Standard,a_NA,pcs_NA
187,1.0005175,c2,AtlasNet_seed=0,Standard,a_NA,pcs_NA
188,0.99844205,c2,AtlasNet_seed=0,Standard,a_NA,pcs_NA
189,0.99613273,c2,AtlasNet_seed=0,Standard,a_NA,pcs_NA
190,0.9945863,c2,AtlasNet_seed=0,Standard,a_NA,pcs_NA
191,0.99279743,c2,AtlasNet_seed=0,Standard,a_NA,pcs_NA
192,0.99036133,c2,AtlasNet_seed=0,Standard,a_NA,pcs_NA
193,0.9877569,c2,AtlasNet_seed=0,Standard,a_NA,pcs_NA
194,0.9855652,c2,AtlasNet_seed=0,Standard,a_NA,pcs_NA
195,0.9818931,c2,AtlasNet_seed=0,Standard,a_NA,pcs_NA
196,0.9817219,c2,AtlasNet_seed=0,Standard,a_NA,pcs_NA
197,0.978237,c2,AtlasNet_seed=0,Standard,a_NA,pcs_NA
198,0.9767642,c2,AtlasNet_seed=0,Standard,a_NA,pcs_NA
199,0.9755523,c2,AtlasNet_seed=0,Standard,a_NA,pcs_NA
200,0.9729858,c2,AtlasNet_seed=0,Standard,a_NA,pcs_NA
201,0.9699402,c2,AtlasNet_seed=0,Standard,a_NA,pcs_NA
202,0.96534234,c2,AtlasNet_seed=0,Standard,a_NA,pcs_NA
203,0.96386135,c2,AtlasNet_seed=0,Standard,a_NA,pcs_NA
204,0.9609089,c2,AtlasNet_seed=0,Standard,a_NA,pcs_NA
205,0.96043813,c2,AtlasNet_seed=0,Standard,a_NA,pcs_NA
206,0.9583149,c2,AtlasNet_seed=0,Standard,a_NA,pcs_NA
207,0.95770466,c2,AtlasNet_seed=0,Standard,a_NA,pcs_NA
208,0.95300674,c2,AtlasNet_seed=0,Standard,a_NA,pcs_NA
209,0.9507104,c2,AtlasNet_seed=0,Standard,a_NA,pcs_NA
210,0.94994223,c2,AtlasNet_seed=0,Standard,a_NA,pcs_NA
211,0.9464477,c2,AtlasNet_seed=0,Standard,a_NA,pcs_NA
212,0.9454589,c2,AtlasNet_seed=0,Standard,a_NA,pcs_NA
213,0.94352084,c2,AtlasNet_seed=0,Standard,a_NA,pcs_NA
214,0.9426711,c2,AtlasNet_seed=0,Standard,a_NA,pcs_NA
215,0.9415759,c2,AtlasNet_seed=0,Standard,a_NA,pcs_NA
216,0.9389888,c2,AtlasNet_seed=0,Standard,a_NA,pcs_NA
217,0.9373741,c2,AtlasNet_seed=0,Standard,a_NA,pcs_NA
218,0.9360085,c2,AtlasNet_seed=0,Standard,a_NA,pcs_NA
219,0.93235886,c2,AtlasNet_seed=0,Standard,a_NA,pcs_NA
220,0.9293253,c2,AtlasNet_seed=0,Standard,a_NA,pcs_NA
221,0.9278705,c2,AtlasNet_seed=0,Standard,a_NA,pcs_NA
222,0.9253866,c2,AtlasNet_seed=0,Standard,a_NA,pcs_NA
223,0.9237053,c2,AtlasNet_seed=0,Standard,a_NA,pcs_NA
224,0.92231274,c2,AtlasNet_seed=0,Standard,a_NA,pcs_NA
225,0.9208119,c2,AtlasNet_seed=0,Standard,a_NA,pcs_NA
226,0.9191328,c2,AtlasNet_seed=0,Standard,a_NA,pcs_NA
227,0.9185649,c2,AtlasNet_seed=0,Standard,a_NA,pcs_NA
228,0.91604865,c2,AtlasNet_seed=0,Standard,a_NA,pcs_NA
229,0.9140536,c2,AtlasNet_seed=0,Standard,a_NA,pcs_NA
230,0.91291285,c2,AtlasNet_seed=0,Standard,a_NA,pcs_NA
231,0.91166985,c2,AtlasNet_seed=0,Standard,a_NA,pcs_NA
232,0.9090873,c2,AtlasNet_seed=0,Standard,a_NA,pcs_NA
233,0.90651006,c2,AtlasNet_seed=0,Standard,a_NA,pcs_NA
234,0.90586734,c2,AtlasNet_seed=0,Standard,a_NA,pcs_NA
235,0.90342796,c2,AtlasNet_seed=0,Standard,a_NA,pcs_NA
236,0.90175384,c2,AtlasNet_seed=0,Standard,a_NA,pcs_NA
237,0.8992028,c2,AtlasNet_seed=0,Standard,a_NA,pcs_NA
238,0.8982026,c2,AtlasNet_seed=0,Standard,a_NA,pcs_NA
239,0.89653146,c2,AtlasNet_seed=0,Standard,a_NA,pcs_NA
240,0.89595973,c2,AtlasNet_seed=0,Standard,a_NA,pcs_NA
241,0.8938172,c2,AtlasNet_seed=0,Standard,a_NA,pcs_NA
242,0.8924296,c2,AtlasNet_seed=0,Standard,a_NA,pcs_NA
243,0.89145535,c2,AtlasNet_seed=0,Standard,a_NA,pcs_NA
244,0.8900394,c2,AtlasNet_seed=0,Standard,a_NA,pcs_NA
245,0.8852935,c2,AtlasNet_seed=0,Standard,a_NA,pcs_NA
246,0.8849831,c2,AtlasNet_seed=0,Standard,a_NA,pcs_NA
247,0.8839965,c2,AtlasNet_seed=0,Standard,a_NA,pcs_NA
248,0.8832307,c2,AtlasNet_seed=0,Standard,a_NA,pcs_NA
249,0.88108575,c2,AtlasNet_seed=0,Standard,a_NA,pcs_NA
250,0.8774695,c2,AtlasNet_seed=0,Standard,a_NA,pcs_NA
251,0.87670857,c2,AtlasNet_seed=0,Standard,a_NA,pcs_NA
252,0.8744849,c2,AtlasNet_seed=0,Standard,a_NA,pcs_NA
253,0.8735651,c2,AtlasNet_seed=0,Standard,a_NA,pcs_NA
254,0.8720315,c2,AtlasNet_seed=0,Standard,a_NA,pcs_NA
255,0.8697469,c2,AtlasNet_seed=0,Standard,a_NA,pcs_NA
256,0.8690415,c2,AtlasNet_seed=0,Standard,a_NA,pcs_NA
257,0.86777097,c2,AtlasNet_seed=0,Standard,a_NA,pcs_NA
258,0.8659574,c2,AtlasNet_seed=0,Standard,a_NA,pcs_NA
259,0.86451584,c2,AtlasNet_seed=0,Standard,a_NA,pcs_NA
260,0.86260754,c2,AtlasNet_seed=0,Standard,a_NA,pcs_NA
261,0.8604762,c2,AtlasNet_seed=0,Standard,a_NA,pcs_NA
262,0.85928786,c2,AtlasNet_seed=0,Standard,a_NA,pcs_NA
263,0.8580493,c2,AtlasNet_seed=0,Standard,a_NA,pcs_NA
264,0.8573439,c2,AtlasNet_seed=0,Standard,a_NA,pcs_NA
265,0.8553796,c2,AtlasNet_seed=0,Standard,a_NA,pcs_NA
266,0.8518765,c2,AtlasNet_seed=0,Standard,a_NA,pcs_NA
267,0.8513956,c2,AtlasNet_seed=0,Standard,a_NA,pcs_NA
268,0.84949636,c2,AtlasNet_seed=0,Standard,a_NA,pcs_NA
269,0.84832436,c2,AtlasNet_seed=0,Standard,a_NA,pcs_NA
270,0.84690803,c2,AtlasNet_seed=0,Standard,a_NA,pcs_NA
271,0.844662,c2,AtlasNet_seed=0,Standard,a_NA,pcs_NA
272,0.8426817,c2,AtlasNet_seed=0,Standard,a_NA,pcs_NA
273,0.842223,c2,AtlasNet_seed=0,Standard,a_NA,pcs_NA
274,0.8398612,c2,AtlasNet_seed=0,Standard,a_NA,pcs_NA
275,0.8384914,c2,AtlasNet_seed=0,Standard,a_NA,pcs_NA
276,0.8380709,c2,AtlasNet_seed=0,Standard,a_NA,pcs_NA
277,0.8358092,c2,AtlasNet_seed=0,Standard,a_NA,pcs_NA
278,0.83433014,c2,AtlasNet_seed=0,Standard,a_NA,pcs_NA
279,0.8330713,c2,AtlasNet_seed=0,Standard,a_NA,pcs_NA
280,0.83175486,c2,AtlasNet_seed=0,Standard,a_NA,pcs_NA
281,0.831317,c2,AtlasNet_seed=0,Standard,a_NA,pcs_NA
282,0.8284379,c2,AtlasNet_seed=0,Standard,a_NA,pcs_NA
283,0.8281034,c2,AtlasNet_seed=0,Standard,a_NA,pcs_NA
284,0.82665914,c2,AtlasNet_seed=0,Standard,a_NA,pcs_NA
285,0.8251598,c2,AtlasNet_seed=0,Standard,a_NA,pcs_NA
286,0.82387614,c2,AtlasNet_seed=0,Standard,a_NA,pcs_NA
287,0.82222265,c2,AtlasNet_seed=0,Standard,a_NA,pcs_NA
288,0.82068676,c2,AtlasNet_seed=0,Standard,a_NA,pcs_NA
289,0.8192003,c2,AtlasNet_seed=0,Standard,a_NA,pcs_NA
290,0.81818795,c2,AtlasNet_seed=0,Standard,a_NA,pcs_NA
291,0.8171253,c2,AtlasNet_seed=0,Standard,a_NA,pcs_NA
292,0.8155447,c2,AtlasNet_seed=0,Standard,a_NA,pcs_NA
293,0.81391025,c2,AtlasNet_seed=0,Standard,a_NA,pcs_NA
294,0.8119941,c2,AtlasNet_seed=0,Standard,a_NA,pcs_NA
295,0.8109339,c2,AtlasNet_seed=0,Standard,a_NA,pcs_NA
296,0.81038004,c2,AtlasNet_seed=0,Standard,a_NA,pcs_NA
297,0.80882704,c2,AtlasNet_seed=0,Standard,a_NA,pcs_NA
298,0.80673784,c2,AtlasNet_seed=0,Standard,a_NA,pcs_NA
299,0.80509096,c2,AtlasNet_seed=0,Standard,a_NA,pcs_NA
300,0.80432916,c2,AtlasNet_seed=0,Standard,a_NA,pcs_NA
301,0.80393887,c2,AtlasNet_seed=0,Standard,a_NA,pcs_NA
302,0.802024,c2,AtlasNet_seed=0,Standard,a_NA,pcs_NA
303,0.8005944,c2,AtlasNet_seed=0,Standard,a_NA,pcs_NA
304,0.7996898,c2,AtlasNet_seed=0,Standard,a_NA,pcs_NA
305,0.7993397,c2,AtlasNet_seed=0,Standard,a_NA,pcs_NA
306,0.79722005,c2,AtlasNet_seed=0,Standard,a_NA,pcs_NA
307,0.7960949,c2,AtlasNet_seed=0,Standard,a_NA,pcs_NA
308,0.79455966,c2,AtlasNet_seed=0,Standard,a_NA,pcs_NA
309,0.79338163,c2,AtlasNet_seed=0,Standard,a_NA,pcs_NA
310,0.7910025,c2,AtlasNet_seed=0,Standard,a_NA,pcs_NA
311,0.7896447,c2,AtlasNet_seed=0,Standard,a_NA,pcs_NA
312,0.78839934,c2,AtlasNet_seed=0,Standard,a_NA,pcs_NA
313,0.78772867,c2,AtlasNet_seed=0,Standard,a_NA,pcs_NA
314,0.78597534,c2,AtlasNet_seed=0,Standard,a_NA,pcs_NA
315,0.78491414,c2,AtlasNet_seed=0,Standard,a_NA,pcs_NA
316,0.7847389,c2,AtlasNet_seed=0,Standard,a_NA,pcs_NA
317,0.78203744,c2,AtlasNet_seed=0,Standard,a_NA,pcs_NA
318,0.78137904,c2,AtlasNet_seed=0,Standard,a_NA,pcs_NA
319,0.78094536,c2,AtlasNet_seed=0,Standard,a_NA,pcs_NA
320,0.77957916,c2,AtlasNet_seed=0,Standard,a_NA,pcs_NA
321,0.7788166,c2,AtlasNet_seed=0,Standard,a_NA,pcs_NA
322,0.7779554,c2,AtlasNet_seed=0,Standard,a_NA,pcs_NA
323,0.7760855,c2,AtlasNet_seed=0,Standard,a_NA,pcs_NA
324,0.7751172,c2,AtlasNet_seed=0,Standard,a_NA,pcs_NA
325,0.7735201,c2,AtlasNet_seed=0,Standard,a_NA,pcs_NA
326,0.7728999,c2,AtlasNet_seed=0,Standard,a_NA,pcs_NA
327,0.7723027,c2,AtlasNet_seed=0,Standard,a_NA,pcs_NA
328,0.7704004,c2,AtlasNet_seed=0,Standard,a_NA,pcs_NA
329,0.76735526,c2,AtlasNet_seed=0,Standard,a_NA,pcs_NA
330,0.76706725,c2,AtlasNet_seed=0,Standard,a_NA,pcs_NA
331,0.7661643,c2,AtlasNet_seed=0,Standard,a_NA,pcs_NA
332,0.76576716,c2,AtlasNet_seed=0,Standard,a_NA,pcs_NA
333,0.7635265,c2,AtlasNet_seed=0,Standard,a_NA,pcs_NA
334,0.76228505,c2,AtlasNet_seed=0,Standard,a_NA,pcs_NA
335,0.760359,c2,AtlasNet_seed=0,Standard,a_NA,pcs_NA
336,0.75826645,c2,AtlasNet_seed=0,Standard,a_NA,pcs_NA
337,0.75747323,c2,AtlasNet_seed=0,Standard,a_NA,pcs_NA
338,0.7568457,c2,AtlasNet_seed=0,Standard,a_NA,pcs_NA
339,0.7560786,c2,AtlasNet_seed=0,Standard,a_NA,pcs_NA
340,0.7547112,c2,AtlasNet_seed=0,Standard,a_NA,pcs_NA
341,0.753239,c2,AtlasNet_seed=0,Standard,a_NA,pcs_NA
342,0.7520547,c2,AtlasNet_seed=0,Standard,a_NA,pcs_NA
343,0.7505622,c2,AtlasNet_seed=0,Standard,a_NA,pcs_NA
344,0.75011027,c2,AtlasNet_seed=0,Standard,a_NA,pcs_NA
345,0.7486551,c2,AtlasNet_seed=0,Standard,a_NA,pcs_NA
346,0.74809325,c2,AtlasNet_seed=0,Standard,a_NA,pcs_NA
347,0.74780864,c2,AtlasNet_seed=0,Standard,a_NA,pcs_NA
348,0.7450574,c2,AtlasNet_seed=0,Standard,a_NA,pcs_NA
349,0.7439521,c2,AtlasNet_seed=0,Standard,a_NA,pcs_NA
350,0.7420149,c2,AtlasNet_seed=0,Standard,a_NA,pcs_NA
351,0.74126637,c2,AtlasNet_seed=0,Standard,a_NA,pcs_NA
352,0.7397538,c2,AtlasNet_seed=0,Standard,a_NA,pcs_NA
353,0.73861563,c2,AtlasNet_seed=0,Standard,a_NA,pcs_NA
354,0.7383573,c2,AtlasNet_seed=0,Standard,a_NA,pcs_NA
355,0.7364397,c2,AtlasNet_seed=0,Standard,a_NA,pcs_NA
356,0.73580295,c2,AtlasNet_seed=0,Standard,a_NA,pcs_NA
357,0.73378336,c2,AtlasNet_seed=0,Standard,a_NA,pcs_NA
358,0.7332298,c2,AtlasNet_seed=0,Standard,a_NA,pcs_NA
359,0.732722,c2,AtlasNet_seed=0,Standard,a_NA,pcs_NA
360,0.73040324,c2,AtlasNet_seed=0,Standard,a_NA,pcs_NA
361,0.72966826,c2,AtlasNet_seed=0,Standard,a_NA,pcs_NA
362,0.7288325,c2,AtlasNet_seed=0,Standard,a_NA,pcs_NA
363,0.7273619,c2,AtlasNet_seed=0,Standard,a_NA,pcs_NA
364,0.7263842,c2,AtlasNet_seed=0,Standard,a_NA,pcs_NA
365,0.725049,c2,AtlasNet_seed=0,Standard,a_NA,pcs_NA
366,0.7246495,c2,AtlasNet_seed=0,Standard,a_NA,pcs_NA
367,0.72342914,c2,AtlasNet_seed=0,Standard,a_NA,pcs_NA
368,0.72298414,c2,AtlasNet_seed=0,Standard,a_NA,pcs_NA
369,0.7227238,c2,AtlasNet_seed=0,Standard,a_NA,pcs_NA
370,0.72088635,c2,AtlasNet_seed=0,Standard,a_NA,pcs_NA
371,0.7202071,c2,AtlasNet_seed=0,Standard,a_NA,pcs_NA
372,0.71799046,c2,AtlasNet_seed=0,Standard,a_NA,pcs_NA
373,0.7177436,c2,AtlasNet_seed=0,Standard,a_NA,pcs_NA
374,0.7152164,c2,AtlasNet_seed=0,Standard,a_NA,pcs_NA
375,0.7144983,c2,AtlasNet_seed=0,Standard,a_NA,pcs_NA
376,0.7140977,c2,AtlasNet_seed=0,Standard,a_NA,pcs_NA
377,0.71321595,c2,AtlasNet_seed=0,Standard,a_NA,pcs_NA
378,0.71214145,c2,AtlasNet_seed=0,Standard,a_NA,pcs_NA
379,0.71040267,c2,AtlasNet_seed=0,Standard,a_NA,pcs_NA
380,0.70991415,c2,AtlasNet_seed=0,Standard,a_NA,pcs_NA
381,0.7088533,c2,AtlasNet_seed=0,Standard,a_NA,pcs_NA
382,0.70680636,c2,AtlasNet_seed=0,Standard,a_NA,pcs_NA
383,0.70623213,c2,AtlasNet_seed=0,Standard,a_NA,pcs_NA
384,0.70513624,c2,AtlasNet_seed=0,Standard,a_NA,pcs_NA
385,0.70355463,c2,AtlasNet_seed=0,Standard,a_NA,pcs_NA
386,0.702633,c2,AtlasNet_seed=0,Standard,a_NA,pcs_NA
387,0.70111746,c2,AtlasNet_seed=0,Standard,a_NA,pcs_NA
388,0.69985944,c2,AtlasNet_seed=0,Standard,a_NA,pcs_NA
389,0.6987605,c2,AtlasNet_seed=0,Standard,a_NA,pcs_NA
390,0.69846624,c2,AtlasNet_seed=0,Standard,a_NA,pcs_NA
391,0.6970061,c2,AtlasNet_seed=0,Standard,a_NA,pcs_NA
392,0.6964568,c2,AtlasNet_seed=0,Standard,a_NA,pcs_NA
393,0.6955188,c2,AtlasNet_seed=0,Standard,a_NA,pcs_NA
394,0.6947727,c2,AtlasNet_seed=0,Standard,a_NA,pcs_NA
395,0.69429386,c2,AtlasNet_seed=0,Standard,a_NA,pcs_NA
396,0.6923181,c2,AtlasNet_seed=0,Standard,a_NA,pcs_NA
397,0.6912513,c2,AtlasNet_seed=0,Standard,a_NA,pcs_NA
398,0.6906719,c2,AtlasNet_seed=0,Standard,a_NA,pcs_NA
399,0.6891641,c2,AtlasNet_seed=0,Standard,a_NA,pcs_NA
400,0.688458,c2,AtlasNet_seed=0,Standard,a_NA,pcs_NA
401,0.6867135,c2,AtlasNet_seed=0,Standard,a_NA,pcs_NA
402,0.6858169,c2,AtlasNet_seed=0,Standard,a_NA,pcs_NA
403,0.68501794,c2,AtlasNet_seed=0,Standard,a_NA,pcs_NA
404,0.6846523,c2,AtlasNet_seed=0,Standard,a_NA,pcs_NA
405,0.6825851,c2,AtlasNet_seed=0,Standard,a_NA,pcs_NA
406,0.68170184,c2,AtlasNet_seed=0,Standard,a_NA,pcs_NA
407,0.6810766,c2,AtlasNet_seed=0,Standard,a_NA,pcs_NA
408,0.67999405,c2,AtlasNet_seed=0,Standard,a_NA,pcs_NA
409,0.6782655,c2,AtlasNet_seed=0,Standard,a_NA,pcs_NA
410,0.67757815,c2,AtlasNet_seed=0,Standard,a_NA,pcs_NA
411,0.6768418,c2,AtlasNet_seed=0,Standard,a_NA,pcs_NA
412,0.67682683,c2,AtlasNet_seed=0,Standard,a_NA,pcs_NA
413,0.6756464,c2,AtlasNet_seed=0,Standard,a_NA,pcs_NA
414,0.6736211,c2,AtlasNet_seed=0,Standard,a_NA,pcs_NA
415,0.6724242,c2,AtlasNet_seed=0,Standard,a_NA,pcs_NA
416,0.6716236,c2,AtlasNet_seed=0,Standard,a_NA,pcs_NA
417,0.6693189,c2,AtlasNet_seed=0,Standard,a_NA,pcs_NA
418,0.6686015,c2,AtlasNet_seed=0,Standard,a_NA,pcs_NA
419,0.6677401,c2,AtlasNet_seed=0,Standard,a_NA,pcs_NA
420,0.6671057,c2,AtlasNet_seed=0,Standard,a_NA,pcs_NA
421,0.6661608,c2,AtlasNet_seed=0,Standard,a_NA,pcs_NA
422,0.6655494,c2,AtlasNet_seed=0,Standard,a_NA,pcs_NA
423,0.6646437,c2,AtlasNet_seed=0,Standard,a_NA,pcs_NA
424,0.6628885,c2,AtlasNet_seed=0,Standard,a_NA,pcs_NA
425,0.662734,c2,AtlasNet_seed=0,Standard,a_NA,pcs_NA
426,0.66132873,c2,AtlasNet_seed=0,Standard,a_NA,pcs_NA
427,0.65963715,c2,AtlasNet_seed=0,Standard,a_NA,pcs_NA
428,0.6589026,c2,AtlasNet_seed=0,Standard,a_NA,pcs_NA
429,0.65828264,c2,AtlasNet_seed=0,Standard,a_NA,pcs_NA
430,0.65762764,c2,AtlasNet_seed=0,Standard,a_NA,pcs_NA
431,0.6575649,c2,AtlasNet_seed=0,Standard,a_NA,pcs_NA
432,0.6559059,c2,AtlasNet_seed=0,Standard,a_NA,pcs_NA
433,0.65473056,c2,AtlasNet_seed=0,Standard,a_NA,pcs_NA
434,0.653993,c2,AtlasNet_seed=0,Standard,a_NA,pcs_NA
435,0.6529491,c2,AtlasNet_seed=0,Standard,a_NA,pcs_NA
436,0.6523046,c2,AtlasNet_seed=0,Standard,a_NA,pcs_NA
437,0.65091854,c2,AtlasNet_seed=0,Standard,a_NA,pcs_NA
438,0.650798,c2,AtlasNet_seed=0,Standard,a_NA,pcs_NA
439,0.64941096,c2,AtlasNet_seed=0,Standard,a_NA,pcs_NA
440,0.64901,c2,AtlasNet_seed=0,Standard,a_NA,pcs_NA
441,0.6480681,c2,AtlasNet_seed=0,Standard,a_NA,pcs_NA
442,0.6462351,c2,AtlasNet_seed=0,Standard,a_NA,pcs_NA
443,0.6453324,c2,AtlasNet_seed=0,Standard,a_NA,pcs_NA
444,0.6439275,c2,AtlasNet_seed=0,Standard,a_NA,pcs_NA
445,0.6428696,c2,AtlasNet_seed=0,Standard,a_NA,pcs_NA
446,0.642011,c2,AtlasNet_seed=0,Standard,a_NA,pcs_NA
447,0.6406311,c2,AtlasNet_seed=0,Standard,a_NA,pcs_NA
448,0.64010036,c2,AtlasNet_seed=0,Standard,a_NA,pcs_NA
449,0.6388896,c2,AtlasNet_seed=0,Standard,a_NA,pcs_NA
450,0.6384968,c2,AtlasNet_seed=0,Standard,a_NA,pcs_NA
451,0.6374123,c2,AtlasNet_seed=0,Standard,a_NA,pcs_NA
452,0.63694674,c2,AtlasNet_seed=0,Standard,a_NA,pcs_NA
453,0.63612795,c2,AtlasNet_seed=0,Standard,a_NA,pcs_NA
454,0.63426596,c2,AtlasNet_seed=0,Standard,a_NA,pcs_NA
455,0.63374543,c2,AtlasNet_seed=0,Standard,a_NA,pcs_NA
456,0.6329318,c2,AtlasNet_seed=0,Standard,a_NA,pcs_NA
457,0.6325978,c2,AtlasNet_seed=0,Standard,a_NA,pcs_NA
458,0.6321849,c2,AtlasNet_seed=0,Standard,a_NA,pcs_NA
459,0.6314294,c2,AtlasNet_seed=0,Standard,a_NA,pcs_NA
460,0.6306748,c2,AtlasNet_seed=0,Standard,a_NA,pcs_NA
461,0.6287768,c2,AtlasNet_seed=0,Standard,a_NA,pcs_NA
462,0.6272995,c2,AtlasNet_seed=0,Standard,a_NA,pcs_NA
463,0.6267864,c2,AtlasNet_seed=0,Standard,a_NA,pcs_NA
464,0.6258039,c2,AtlasNet_seed=0,Standard,a_NA,pcs_NA
465,0.62545365,c2,AtlasNet_seed=0,Standard,a_NA,pcs_NA
466,0.6243946,c2,AtlasNet_seed=0,Standard,a_NA,pcs_NA
467,0.62304693,c2,AtlasNet_seed=0,Standard,a_NA,pcs_NA
468,0.62189573,c2,AtlasNet_seed=0,Standard,a_NA,pcs_NA
469,0.6211205,c2,AtlasNet_seed=0,Standard,a_NA,pcs_NA
470,0.620125,c2,AtlasNet_seed=0,Standard,a_NA,pcs_NA
471,0.61985564,c2,AtlasNet_seed=0,Standard,a_NA,pcs_NA
472,0.61951315,c2,AtlasNet_seed=0,Standard,a_NA,pcs_NA
473,0.6180166,c2,AtlasNet_seed=0,Standard,a_NA,pcs_NA
474,0.6164547,c2,AtlasNet_seed=0,Standard,a_NA,pcs_NA
475,0.6157185,c2,AtlasNet_seed=0,Standard,a_NA,pcs_NA
476,0.61530054,c2,AtlasNet_seed=0,Standard,a_NA,pcs_NA
477,0.6141168,c2,AtlasNet_seed=0,Standard,a_NA,pcs_NA
478,0.61304957,c2,AtlasNet_seed=0,Standard,a_NA,pcs_NA
479,0.61227196,c2,AtlasNet_seed=0,Standard,a_NA,pcs_NA
480,0.612021,c2,AtlasNet_seed=0,Standard,a_NA,pcs_NA
481,0.61156905,c2,AtlasNet_seed=0,Standard,a_NA,pcs_NA
482,0.61064774,c2,AtlasNet_seed=0,Standard,a_NA,pcs_NA
483,0.60975695,c2,AtlasNet_seed=0,Standard,a_NA,pcs_NA
484,0.60818,c2,AtlasNet_seed=0,Standard,a_NA,pcs_NA
485,0.60756415,c2,AtlasNet_seed=0,Standard,a_NA,pcs_NA
486,0.6068167,c2,AtlasNet_seed=0,Standard,a_NA,pcs_NA
487,0.6064869,c2,AtlasNet_seed=0,Standard,a_NA,pcs_NA
488,0.6048783,c2,AtlasNet_seed=0,Standard,a_NA,pcs_NA
489,0.6040332,c2,AtlasNet_seed=0,Standard,a_NA,pcs_NA
490,0.6037648,c2,AtlasNet_seed=0,Standard,a_NA,pcs_NA
491,0.6024712,c2,AtlasNet_seed=0,Standard,a_NA,pcs_NA
492,0.60197324,c2,AtlasNet_seed=0,Standard,a_NA,pcs_NA
493,0.6017746,c2,AtlasNet_seed=0,Standard,a_NA,pcs_NA
494,0.5999726,c2,AtlasNet_seed=0,Standard,a_NA,pcs_NA
495,0.59926766,c2,AtlasNet_seed=0,Standard,a_NA,pcs_NA
496,0.5986187,c2,AtlasNet_seed=0,Standard,a_NA,pcs_NA
497,0.5977245,c2,AtlasNet_seed=0,Standard,a_NA,pcs_NA
498,0.59672034,c2,AtlasNet_seed=0,Standard,a_NA,pcs_NA
499,0.59640855,c2,AtlasNet_seed=0,Standard,a_NA,pcs_NA
500,0.59423435,c2,AtlasNet_seed=0,Standard,a_NA,pcs_NA
501,0.59362704,c2,AtlasNet_seed=0,Standard,a_NA,pcs_NA
502,0.5934295,c2,AtlasNet_seed=0,Standard,a_NA,pcs_NA
503,0.59265393,c2,AtlasNet_seed=0,Standard,a_NA,pcs_NA
504,0.59154195,c2,AtlasNet_seed=0,Standard,a_NA,pcs_NA
505,0.59064543,c2,AtlasNet_seed=0,Standard,a_NA,pcs_NA
506,0.59020245,c2,AtlasNet_seed=0,Standard,a_NA,pcs_NA
507,0.58913785,c2,AtlasNet_seed=0,Standard,a_NA,pcs_NA
508,0.58759785,c2,AtlasNet_seed=0,Standard,a_NA,pcs_NA
509,0.5867825,c2,AtlasNet_seed=0,Standard,a_NA,pcs_NA
510,0.5860788,c2,AtlasNet_seed=0,Standard,a_NA,pcs_NA
511,0.5852622,c2,AtlasNet_seed=0,Standard,a_NA,pcs_NA
512,0.58498436,c2,AtlasNet_seed=0,Standard,a_NA,pcs_NA
513,0.583545,c2,AtlasNet_seed=0,Standard,a_NA,pcs_NA
514,0.58270603,c2,AtlasNet_seed=0,Standard,a_NA,pcs_NA
515,0.5816123,c2,AtlasNet_seed=0,Standard,a_NA,pcs_NA
516,0.58051157,c2,AtlasNet_seed=0,Standard,a_NA,pcs_NA
517,0.5799272,c2,AtlasNet_seed=0,Standard,a_NA,pcs_NA
518,0.57975155,c2,AtlasNet_seed=0,Standard,a_NA,pcs_NA
519,0.5784962,c2,AtlasNet_seed=0,Standard,a_NA,pcs_NA
520,0.5773269,c2,AtlasNet_seed=0,Standard,a_NA,pcs_NA
521,0.57639873,c2,AtlasNet_seed=0,Standard,a_NA,pcs_NA
522,0.57614154,c2,AtlasNet_seed=0,Standard,a_NA,pcs_NA
523,0.57466674,c2,AtlasNet_seed=0,Standard,a_NA,pcs_NA
524,0.57444936,c2,AtlasNet_seed=0,Standard,a_NA,pcs_NA
525,0.57331413,c2,AtlasNet_seed=0,Standard,a_NA,pcs_NA
526,0.5729053,c2,AtlasNet_seed=0,Standard,a_NA,pcs_NA
527,0.57123655,c2,AtlasNet_seed=0,Standard,a_NA,pcs_NA
528,0.57059485,c2,AtlasNet_seed=0,Standard,a_NA,pcs_NA
529,0.57020575,c2,AtlasNet_seed=0,Standard,a_NA,pcs_NA
530,0.5684471,c2,AtlasNet_seed=0,Standard,a_NA,pcs_NA
531,0.5682668,c2,AtlasNet_seed=0,Standard,a_NA,pcs_NA
532,0.5677914,c2,AtlasNet_seed=0,Standard,a_NA,pcs_NA
533,0.5660602,c2,AtlasNet_seed=0,Standard,a_NA,pcs_NA
534,0.56510776,c2,AtlasNet_seed=0,Standard,a_NA,pcs_NA
535,0.5648294,c2,AtlasNet_seed=0,Standard,a_NA,pcs_NA
536,0.5638581,c2,AtlasNet_seed=0,Standard,a_NA,pcs_NA
537,0.56281817,c2,AtlasNet_seed=0,Standard,a_NA,pcs_NA
538,0.5622959,c2,AtlasNet_seed=0,Standard,a_NA,pcs_NA
539,0.56172013,c2,AtlasNet_seed=0,Standard,a_NA,pcs_NA
540,0.5605837,c2,AtlasNet_seed=0,Standard,a_NA,pcs_NA
541,0.56028575,c2,AtlasNet_seed=0,Standard,a_NA,pcs_NA
542,0.55895245,c2,AtlasNet_seed=0,Standard,a_NA,pcs_NA
543,0.5582726,c2,AtlasNet_seed=0,Standard,a_NA,pcs_NA
544,0.5580912,c2,AtlasNet_seed=0,Standard,a_NA,pcs_NA
545,0.5573774,c2,AtlasNet_seed=0,Standard,a_NA,pcs_NA
546,0.5562211,c2,AtlasNet_seed=0,Standard,a_NA,pcs_NA
547,0.55602115,c2,AtlasNet_seed=0,Standard,a_NA,pcs_NA
548,0.5550557,c2,AtlasNet_seed=0,Standard,a_NA,pcs_NA
549,0.55405027,c2,AtlasNet_seed=0,Standard,a_NA,pcs_NA
550,0.55352986,c2,AtlasNet_seed=0,Standard,a_NA,pcs_NA
551,0.5519343,c2,AtlasNet_seed=0,Standard,a_NA,pcs_NA
552,0.5508911,c2,AtlasNet_seed=0,Standard,a_NA,pcs_NA
553,0.55037254,c2,AtlasNet_seed=0,Standard,a_NA,pcs_NA
554,0.5492844,c2,AtlasNet_seed=0,Standard,a_NA,pcs_NA
555,0.5486118,c2,AtlasNet_seed=0,Standard,a_NA,pcs_NA
556,0.5481626,c2,AtlasNet_seed=0,Standard,a_NA,pcs_NA
557,0.5462993,c2,AtlasNet_seed=0,Standard,a_NA,pcs_NA
558,0.545543,c2,AtlasNet_seed=0,Standard,a_NA,pcs_NA
559,0.54473233,c2,AtlasNet_seed=0,Standard,a_NA,pcs_NA
560,0.5442638,c2,AtlasNet_seed=0,Standard,a_NA,pcs_NA
561,0.5437947,c2,AtlasNet_seed=0,Standard,a_NA,pcs_NA
562,0.54282296,c2,AtlasNet_seed=0,Standard,a_NA,pcs_NA
563,0.5425334,c2,AtlasNet_seed=0,Standard,a_NA,pcs_NA
564,0.541951,c2,AtlasNet_seed=0,Standard,a_NA,pcs_NA
565,0.5407396,c2,AtlasNet_seed=0,Standard,a_NA,pcs_NA
566,0.5401276,c2,AtlasNet_seed=0,Standard,a_NA,pcs_NA
567,0.5391748,c2,AtlasNet_seed=0,Standard,a_NA,pcs_NA
568,0.5384999,c2,AtlasNet_seed=0,Standard,a_NA,pcs_NA
569,0.53774315,c2,AtlasNet_seed=0,Standard,a_NA,pcs_NA
570,0.5365984,c2,AtlasNet_seed=0,Standard,a_NA,pcs_NA
571,0.53616464,c2,AtlasNet_seed=0,Standard,a_NA,pcs_NA
572,0.5357801,c2,AtlasNet_seed=0,Standard,a_NA,pcs_NA
573,0.53541595,c2,AtlasNet_seed=0,Standard,a_NA,pcs_NA
574,0.53420806,c2,AtlasNet_seed=0,Standard,a_NA,pcs_NA
575,0.5329382,c2,AtlasNet_seed=0,Standard,a_NA,pcs_NA
576,0.5320219,c2,AtlasNet_seed=0,Standard,a_NA,pcs_NA
577,0.5309648,c2,AtlasNet_seed=0,Standard,a_NA,pcs_NA
578,0.5300265,c2,AtlasNet_seed=0,Standard,a_NA,pcs_NA
579,0.5293349,c2,AtlasNet_seed=0,Standard,a_NA,pcs_NA
580,0.52862334,c2,AtlasNet_seed=0,Standard,a_NA,pcs_NA
581,0.5280936,c2,AtlasNet_seed=0,Standard,a_NA,pcs_NA
582,0.5273761,c2,AtlasNet_seed=0,Standard,a_NA,pcs_NA
583,0.5260416,c2,AtlasNet_seed=0,Standard,a_NA,pcs_NA
584,0.5253286,c2,AtlasNet_seed=0,Standard,a_NA,pcs_NA
585,0.52521783,c2,AtlasNet_seed=0,Standard,a_NA,pcs_NA
586,0.5241657,c2,AtlasNet_seed=0,Standard,a_NA,pcs_NA
587,0.5237016,c2,AtlasNet_seed=0,Standard,a_NA,pcs_NA
588,0.5228687,c2,AtlasNet_seed=0,Standard,a_NA,pcs_NA
589,0.5220113,c2,AtlasNet_seed=0,Standard,a_NA,pcs_NA
590,0.521762,c2,AtlasNet_seed=0,Standard,a_NA,pcs_NA
591,0.521458,c2,AtlasNet_seed=0,Standard,a_NA,pcs_NA
592,0.52137244,c2,AtlasNet_seed=0,Standard,a_NA,pcs_NA
593,0.5203958,c2,AtlasNet_seed=0,Standard,a_NA,pcs_NA
594,0.5192636,c2,AtlasNet_seed=0,Standard,a_NA,pcs_NA
595,0.5189165,c2,AtlasNet_seed=0,Standard,a_NA,pcs_NA
596,0.5183168,c2,AtlasNet_seed=0,Standard,a_NA,pcs_NA
597,0.5171273,c2,AtlasNet_seed=0,Standard,a_NA,pcs_NA
598,0.51681817,c2,AtlasNet_seed=0,Standard,a_NA,pcs_NA
599,0.5154203,c2,AtlasNet_seed=0,Standard,a_NA,pcs_NA
600,0.5145743,c2,AtlasNet_seed=0,Standard,a_NA,pcs_NA
601,0.51365554,c2,AtlasNet_seed=0,Standard,a_NA,pcs_NA
602,0.51347876,c2,AtlasNet_seed=0,Standard,a_NA,pcs_NA
603,0.5125321,c2,AtlasNet_seed=0,Standard,a_NA,pcs_NA
604,0.5123225,c2,AtlasNet_seed=0,Standard,a_NA,pcs_NA
605,0.51185745,c2,AtlasNet_seed=0,Standard,a_NA,pcs_NA
606,0.51117307,c2,AtlasNet_seed=0,Standard,a_NA,pcs_NA
607,0.51057357,c2,AtlasNet_seed=0,Standard,a_NA,pcs_NA
608,0.50892293,c2,AtlasNet_seed=0,Standard,a_NA,pcs_NA
609,0.5080611,c2,AtlasNet_seed=0,Standard,a_NA,pcs_NA
610,0.50766015,c2,AtlasNet_seed=0,Standard,a_NA,pcs_NA
611,0.5072047,c2,AtlasNet_seed=0,Standard,a_NA,pcs_NA
612,0.50635374,c2,AtlasNet_seed=0,Standard,a_NA,pcs_NA
613,0.5051591,c2,AtlasNet_seed=0,Standard,a_NA,pcs_NA
614,0.5048071,c2,AtlasNet_seed=0,Standard,a_NA,pcs_NA
615,0.50402504,c2,AtlasNet_seed=0,Standard,a_NA,pcs_NA
616,0.5037221,c2,AtlasNet_seed=0,Standard,a_NA,pcs_NA
617,0.5026153,c2,AtlasNet_seed=0,Standard,a_NA,pcs_NA
618,0.50188166,c2,AtlasNet_seed=0,Standard,a_NA,pcs_NA
619,0.5004718,c2,AtlasNet_seed=0,Standard,a_NA,pcs_NA
620,0.5003092,c2,AtlasNet_seed=0,Standard,a_NA,pcs_NA
621,0.49969324,c2,AtlasNet_seed=0,Standard,a_NA,pcs_NA
622,0.49886277,c2,AtlasNet_seed=0,Standard,a_NA,pcs_NA
623,0.4973493,c2,AtlasNet_seed=0,Standard,a_NA,pcs_NA
624,0.4969198,c2,AtlasNet_seed=0,Standard,a_NA,pcs_NA
625,0.49593872,c2,AtlasNet_seed=0,Standard,a_NA,pcs_NA
626,0.49585265,c2,AtlasNet_seed=0,Standard,a_NA,pcs_NA
627,0.49485832,c2,AtlasNet_seed=0,Standard,a_NA,pcs_NA
628,0.4944257,c2,AtlasNet_seed=0,Standard,a_NA,pcs_NA
629,0.4939272,c2,AtlasNet_seed=0,Standard,a_NA,pcs_NA
630,0.49336717,c2,AtlasNet_seed=0,Standard,a_NA,pcs_NA
631,0.49242517,c2,AtlasNet_seed=0,Standard,a_NA,pcs_NA
632,0.49163574,c2,AtlasNet_seed=0,Standard,a_NA,pcs_NA
633,0.4911731,c2,AtlasNet_seed=0,Standard,a_NA,pcs_NA
634,0.49090824,c2,AtlasNet_seed=0,Standard,a_NA,pcs_NA
635,0.4899345,c2,AtlasNet_seed=0,Standard,a_NA,pcs_NA
636,0.4882928,c2,AtlasNet_seed=0,Standard,a_NA,pcs_NA
637,0.48793718,c2,AtlasNet_seed=0,Standard,a_NA,pcs_NA
638,0.48745432,c2,AtlasNet_seed=0,Standard,a_NA,pcs_NA
639,0.48734108,c2,AtlasNet_seed=0,Standard,a_NA,pcs_NA
640,0.48607454,c2,AtlasNet_seed=0,Standard,a_NA,pcs_NA
641,0.4860373,c2,AtlasNet_seed=0,Standard,a_NA,pcs_NA
642,0.48475507,c2,AtlasNet_seed=0,Standard,a_NA,pcs_NA
643,0.48443627,c2,AtlasNet_seed=0,Standard,a_NA,pcs_NA
644,0.48417962,c2,AtlasNet_seed=0,Standard,a_NA,pcs_NA
645,0.48262995,c2,AtlasNet_seed=0,Standard,a_NA,pcs_NA
646,0.48224482,c2,AtlasNet_seed=0,Standard,a_NA,pcs_NA
647,0.48133495,c2,AtlasNet_seed=0,Standard,a_NA,pcs_NA
648,0.48057282,c2,AtlasNet_seed=0,Standard,a_NA,pcs_NA
649,0.4802703,c2,AtlasNet_seed=0,Standard,a_NA,pcs_NA
650,0.47905484,c2,AtlasNet_seed=0,Standard,a_NA,pcs_NA
651,0.4786027,c2,AtlasNet_seed=0,Standard,a_NA,pcs_NA
652,0.47796074,c2,AtlasNet_seed=0,Standard,a_NA,pcs_NA
653,0.47699183,c2,AtlasNet_seed=0,Standard,a_NA,pcs_NA
654,0.4765769,c2,AtlasNet_seed=0,Standard,a_NA,pcs_NA
655,0.4759244,c2,AtlasNet_seed=0,Standard,a_NA,pcs_NA
656,0.47573107,c2,AtlasNet_seed=0,Standard,a_NA,pcs_NA
657,0.4745267,c2,AtlasNet_seed=0,Standard,a_NA,pcs_NA
658,0.47340953,c2,AtlasNet_seed=0,Standard,a_NA,pcs_NA
659,0.472493,c2,AtlasNet_seed=0,Standard,a_NA,pcs_NA
660,0.4713884,c2,AtlasNet_seed=0,Standard,a_NA,pcs_NA
661,0.471129,c2,AtlasNet_seed=0,Standard,a_NA,pcs_NA
662,0.47064307,c2,AtlasNet_seed=0,Standard,a_NA,pcs_NA
663,0.46980187,c2,AtlasNet_seed=0,Standard,a_NA,pcs_NA
664,0.46921077,c2,AtlasNet_seed=0,Standard,a_NA,pcs_NA
665,0.46860462,c2,AtlasNet_seed=0,Standard,a_NA,pcs_NA
666,0.46760765,c2,AtlasNet_seed=0,Standard,a_NA,pcs_NA
667,0.4670913,c2,AtlasNet_seed=0,Standard,a_NA,pcs_NA
668,0.46652684,c2,AtlasNet_seed=0,Standard,a_NA,pcs_NA
669,0.46576557,c2,AtlasNet_seed=0,Standard,a_NA,pcs_NA
670,0.4656477,c2,AtlasNet_seed=0,Standard,a_NA,pcs_NA
671,0.46456072,c2,AtlasNet_seed=0,Standard,a_NA,pcs_NA
672,0.46355924,c2,AtlasNet_seed=0,Standard,a_NA,pcs_NA
673,0.4628099,c2,AtlasNet_seed=0,Standard,a_NA,pcs_NA
674,0.46241823,c2,AtlasNet_seed=0,Standard,a_NA,pcs_NA
675,0.4617637,c2,AtlasNet_seed=0,Standard,a_NA,pcs_NA
676,0.46073425,c2,AtlasNet_seed=0,Standard,a_NA,pcs_NA
677,0.46063817,c2,AtlasNet_seed=0,Standard,a_NA,pcs_NA
678,0.45911008,c2,AtlasNet_seed=0,Standard,a_NA,pcs_NA
679,0.45804322,c2,AtlasNet_seed=0,Standard,a_NA,pcs_NA
680,0.45773107,c2,AtlasNet_seed=0,Standard,a_NA,pcs_NA
681,0.45743304,c2,AtlasNet_seed=0,Standard,a_NA,pcs_NA
682,0.45594028,c2,AtlasNet_seed=0,Standard,a_NA,pcs_NA
683,0.45504954,c2,AtlasNet_seed=0,Standard,a_NA,pcs_NA
684,0.45448622,c2,AtlasNet_seed=0,Standard,a_NA,pcs_NA
685,0.45413893,c2,AtlasNet_seed=0,Standard,a_NA,pcs_NA
686,0.4536921,c2,AtlasNet_seed=0,Standard,a_NA,pcs_NA
687,0.45304677,c2,AtlasNet_seed=0,Standard,a_NA,pcs_NA
688,0.4521389,c2,AtlasNet_seed=0,Standard,a_NA,pcs_NA
689,0.45166215,c2,AtlasNet_seed=0,Standard,a_NA,pcs_NA
690,0.4512549,c2,AtlasNet_seed=0,Standard,a_NA,pcs_NA
691,0.4503667,c2,AtlasNet_seed=0,Standard,a_NA,pcs_NA
692,0.44990578,c2,AtlasNet_seed=0,Standard,a_NA,pcs_NA
693,0.44978678,c2,AtlasNet_seed=0,Standard,a_NA,pcs_NA
694,0.4489993,c2,AtlasNet_seed=0,Standard,a_NA,pcs_NA
695,0.44784582,c2,AtlasNet_seed=0,Standard,a_NA,pcs_NA
696,0.44716904,c2,AtlasNet_seed=0,Standard,a_NA,pcs_NA
697,0.44656995,c2,AtlasNet_seed=0,Standard,a_NA,pcs_NA
698,0.44622543,c2,AtlasNet_seed=0,Standard,a_NA,pcs_NA
699,0.4457372,c2,AtlasNet_seed=0,Standard,a_NA,pcs_NA
700,0.44471878,c2,AtlasNet_seed=0,Standard,a_NA,pcs_NA
701,0.44403747,c2,AtlasNet_seed=0,Standard,a_NA,pcs_NA
702,0.44362727,c2,AtlasNet_seed=0,Standard,a_NA,pcs_NA
703,0.44325972,c2,AtlasNet_seed=0,Standard,a_NA,pcs_NA
704,0.44278285,c2,AtlasNet_seed=0,Standard,a_NA,pcs_NA
705,0.44228223,c2,AtlasNet_seed=0,Standard,a_NA,pcs_NA
706,0.44133154,c2,AtlasNet_seed=0,Standard,a_NA,pcs_NA
707,0.44043085,c2,AtlasNet_seed=0,Standard,a_NA,pcs_NA
708,0.44019616,c2,AtlasNet_seed=0,Standard,a_NA,pcs_NA
709,0.43912467,c2,AtlasNet_seed=0,Standard,a_NA,pcs_NA
710,0.43776605,c2,AtlasNet_seed=0,Standard,a_NA,pcs_NA
711,0.43672794,c2,AtlasNet_seed=0,Standard,a_NA,pcs_NA
712,0.4364966,c2,AtlasNet_seed=0,Standard,a_NA,pcs_NA
713,0.4362401,c2,AtlasNet_seed=0,Standard,a_NA,pcs_NA
714,0.43555737,c2,AtlasNet_seed=0,Standard,a_NA,pcs_NA
715,0.43509883,c2,AtlasNet_seed=0,Standard,a_NA,pcs_NA
716,0.434441,c2,AtlasNet_seed=0,Standard,a_NA,pcs_NA
717,0.4335659,c2,AtlasNet_seed=0,Standard,a_NA,pcs_NA
718,0.43317795,c2,AtlasNet_seed=0,Standard,a_NA,pcs_NA
719,0.43251738,c2,AtlasNet_seed=0,Standard,a_NA,pcs_NA
720,0.43191555,c2,AtlasNet_seed=0,Standard,a_NA,pcs_NA
721,0.43097767,c2,AtlasNet_seed=0,Standard,a_NA,pcs_NA
722,0.4302651,c2,AtlasNet_seed=0,Standard,a_NA,pcs_NA
723,0.4298836,c2,AtlasNet_seed=0,Standard,a_NA,pcs_NA
724,0.42940912,c2,AtlasNet_seed=0,Standard,a_NA,pcs_NA
725,0.4281709,c2,AtlasNet_seed=0,Standard,a_NA,pcs_NA
726,0.42759097,c2,AtlasNet_seed=0,Standard,a_NA,pcs_NA
727,0.42675728,c2,AtlasNet_seed=0,Standard,a_NA,pcs_NA
728,0.42633998,c2,AtlasNet_seed=0,Standard,a_NA,pcs_NA
729,0.42539248,c2,AtlasNet_seed=0,Standard,a_NA,pcs_NA
730,0.42459208,c2,AtlasNet_seed=0,Standard,a_NA,pcs_NA
731,0.4243555,c2,AtlasNet_seed=0,Standard,a_NA,pcs_NA
732,0.42368025,c2,AtlasNet_seed=0,Standard,a_NA,pcs_NA
733,0.42273045,c2,AtlasNet_seed=0,Standard,a_NA,pcs_NA
734,0.42231473,c2,AtlasNet_seed=0,Standard,a_NA,pcs_NA
735,0.42203474,c2,AtlasNet_seed=0,Standard,a_NA,pcs_NA
736,0.42138687,c2,AtlasNet_seed=0,Standard,a_NA,pcs_NA
737,0.4211637,c2,AtlasNet_seed=0,Standard,a_NA,pcs_NA
738,0.41962746,c2,AtlasNet_seed=0,Standard,a_NA,pcs_NA
739,0.4192643,c2,AtlasNet_seed=0,Standard,a_NA,pcs_NA
740,0.41892642,c2,AtlasNet_seed=0,Standard,a_NA,pcs_NA
741,0.41851696,c2,AtlasNet_seed=0,Standard,a_NA,pcs_NA
742,0.41814327,c2,AtlasNet_seed=0,Standard,a_NA,pcs_NA
743,0.41671267,c2,AtlasNet_seed=0,Standard,a_NA,pcs_NA
744,0.4162326,c2,AtlasNet_seed=0,Standard,a_NA,pcs_NA
745,0.41569504,c2,AtlasNet_seed=0,Standard,a_NA,pcs_NA
746,0.41428077,c2,AtlasNet_seed=0,Standard,a_NA,pcs_NA
747,0.41386697,c2,AtlasNet_seed=0,Standard,a_NA,pcs_NA
748,0.41339022,c2,AtlasNet_seed=0,Standard,a_NA,pcs_NA
749,0.4131026,c2,AtlasNet_seed=0,Standard,a_NA,pcs_NA
750,0.41222838,c2,AtlasNet_seed=0,Standard,a_NA,pcs_NA
751,0.4117573,c2,AtlasNet_seed=0,Standard,a_NA,pcs_NA
752,0.41140515,c2,AtlasNet_seed=0,Standard,a_NA,pcs_NA
753,0.4108218,c2,AtlasNet_seed=0,Standard,a_NA,pcs_NA
754,0.41030616,c2,AtlasNet_seed=0,Standard,a_NA,pcs_NA
755,0.40965602,c2,AtlasNet_seed=0,Standard,a_NA,pcs_NA
756,0.4088984,c2,AtlasNet_seed=0,Standard,a_NA,pcs_NA
757,0.4075755,c2,AtlasNet_seed=0,Standard,a_NA,pcs_NA
758,0.40670943,c2,AtlasNet_seed=0,Standard,a_NA,pcs_NA
759,0.40591636,c2,AtlasNet_seed=0,Standard,a_NA,pcs_NA
760,0.40578052,c2,AtlasNet_seed=0,Standard,a_NA,pcs_NA
761,0.4050862,c2,AtlasNet_seed=0,Standard,a_NA,pcs_NA
762,0.40443638,c2,AtlasNet_seed=0,Standard,a_NA,pcs_NA
763,0.40372792,c2,AtlasNet_seed=0,Standard,a_NA,pcs_NA
764,0.40305677,c2,AtlasNet_seed=0,Standard,a_NA,pcs_NA
765,0.40276372,c2,AtlasNet_seed=0,Standard,a_NA,pcs_NA
766,0.4015128,c2,AtlasNet_seed=0,Standard,a_NA,pcs_NA
767,0.4011265,c2,AtlasNet_seed=0,Standard,a_NA,pcs_NA
768,0.40057114,c2,AtlasNet_seed=0,Standard,a_NA,pcs_NA
769,0.40013766,c2,AtlasNet_seed=0,Standard,a_NA,pcs_NA
770,0.39970076,c2,AtlasNet_seed=0,Standard,a_NA,pcs_NA
771,0.39957985,c2,AtlasNet_seed=0,Standard,a_NA,pcs_NA
772,0.3983201,c2,AtlasNet_seed=0,Standard,a_NA,pcs_NA
773,0.39774546,c2,AtlasNet_seed=0,Standard,a_NA,pcs_NA
774,0.3968192,c2,AtlasNet_seed=0,Standard,a_NA,pcs_NA
775,0.3967035,c2,AtlasNet_seed=0,Standard,a_NA,pcs_NA
776,0.396092,c2,AtlasNet_seed=0,Standard,a_NA,pcs_NA
777,0.39504996,c2,AtlasNet_seed=0,Standard,a_NA,pcs_NA
778,0.39356187,c2,AtlasNet_seed=0,Standard,a_NA,pcs_NA
779,0.3930919,c2,AtlasNet_seed=0,Standard,a_NA,pcs_NA
780,0.39274147,c2,AtlasNet_seed=0,Standard,a_NA,pcs_NA
781,0.39223957,c2,AtlasNet_seed=0,Standard,a_NA,pcs_NA
782,0.39150265,c2,AtlasNet_seed=0,Standard,a_NA,pcs_NA
783,0.39140955,c2,AtlasNet_seed=0,Standard,a_NA,pcs_NA
784,0.39073685,c2,AtlasNet_seed=0,Standard,a_NA,pcs_NA
785,0.3897666,c2,AtlasNet_seed=0,Standard,a_NA,pcs_NA
786,0.38897106,c2,AtlasNet_seed=0,Standard,a_NA,pcs_NA
787,0.38827205,c2,AtlasNet_seed=0,Standard,a_NA,pcs_NA
788,0.38721702,c2,AtlasNet_seed=0,Standard,a_NA,pcs_NA
789,0.38695,c2,AtlasNet_seed=0,Standard,a_NA,pcs_NA
790,0.38633993,c2,AtlasNet_seed=0,Standard,a_NA,pcs_NA
791,0.38576576,c2,AtlasNet_seed=0,Standard,a_NA,pcs_NA
792,0.38531587,c2,AtlasNet_seed=0,Standard,a_NA,pcs_NA
793,0.384969,c2,AtlasNet_seed=0,Standard,a_NA,pcs_NA
794,0.38393593,c2,AtlasNet_seed=0,Standard,a_NA,pcs_NA
795,0.38327572,c2,AtlasNet_seed=0,Standard,a_NA,pcs_NA
796,0.38282758,c2,AtlasNet_seed=0,Standard,a_NA,pcs_NA
797,0.38202402,c2,AtlasNet_seed=0,Standard,a_NA,pcs_NA
798,0.3811025,c2,AtlasNet_seed=0,Standard,a_NA,pcs_NA
799,0.38037872,c2,AtlasNet_seed=0,Standard,a_NA,pcs_NA
800,0.37976664,c2,AtlasNet_seed=0,Standard,a_NA,pcs_NA
801,0.3787041,c2,AtlasNet_seed=0,Standard,a_NA,pcs_NA
802,0.37825873,c2,AtlasNet_seed=0,Standard,a_NA,pcs_NA
803,0.37814525,c2,AtlasNet_seed=0,Standard,a_NA,pcs_NA
804,0.37776288,c2,AtlasNet_seed=0,Standard,a_NA,pcs_NA
805,0.37662742,c2,AtlasNet_seed=0,Standard,a_NA,pcs_NA
806,0.3766156,c2,AtlasNet_seed=0,Standard,a_NA,pcs_NA
807,0.37601548,c2,AtlasNet_seed=0,Standard,a_NA,pcs_NA
808,0.37513733,c2,AtlasNet_seed=0,Standard,a_NA,pcs_NA
809,0.37462053,c2,AtlasNet_seed=0,Standard,a_NA,pcs_NA
810,0.37395826,c2,AtlasNet_seed=0,Standard,a_NA,pcs_NA
811,0.37393367,c2,AtlasNet_seed=0,Standard,a_NA,pcs_NA
812,0.37266585,c2,AtlasNet_seed=0,Standard,a_NA,pcs_NA
813,0.3717905,c2,AtlasNet_seed=0,Standard,a_NA,pcs_NA
814,0.3714194,c2,AtlasNet_seed=0,Standard,a_NA,pcs_NA
815,0.37115085,c2,AtlasNet_seed=0,Standard,a_NA,pcs_NA
816,0.36968148,c2,AtlasNet_seed=0,Standard,a_NA,pcs_NA
817,0.36937335,c2,AtlasNet_seed=0,Standard,a_NA,pcs_NA
818,0.36851162,c2,AtlasNet_seed=0,Standard,a_NA,pcs_NA
819,0.36828342,c2,AtlasNet_seed=0,Standard,a_NA,pcs_NA
820,0.36749995,c2,AtlasNet_seed=0,Standard,a_NA,pcs_NA
821,0.36702213,c2,AtlasNet_seed=0,Standard,a_NA,pcs_NA
822,0.36633295,c2,AtlasNet_seed=0,Standard,a_NA,pcs_NA
823,0.36614308,c2,AtlasNet_seed=0,Standard,a_NA,pcs_NA
824,0.36569124,c2,AtlasNet_seed=0,Standard,a_NA,pcs_NA
825,0.36405694,c2,AtlasNet_seed=0,Standard,a_NA,pcs_NA
826,0.3635441,c2,AtlasNet_seed=0,Standard,a_NA,pcs_NA
827,0.36331347,c2,AtlasNet_seed=0,Standard,a_NA,pcs_NA
828,0.36218694,c2,AtlasNet_seed=0,Standard,a_NA,pcs_NA
829,0.36155698,c2,AtlasNet_seed=0,Standard,a_NA,pcs_NA
830,0.36103377,c2,AtlasNet_seed=0,Standard,a_NA,pcs_NA
831,0.3602528,c2,AtlasNet_seed=0,Standard,a_NA,pcs_NA
832,0.3598325,c2,AtlasNet_seed=0,Standard,a_NA,pcs_NA
833,0.3593479,c2,AtlasNet_seed=0,Standard,a_NA,pcs_NA
834,0.35867023,c2,AtlasNet_seed=0,Standard,a_NA,pcs_NA
835,0.35771662,c2,AtlasNet_seed=0,Standard,a_NA,pcs_NA
836,0.35702094,c2,AtlasNet_seed=0,Standard,a_NA,pcs_NA
837,0.35669136,c2,AtlasNet_seed=0,Standard,a_NA,pcs_NA
838,0.35569063,c2,AtlasNet_seed=0,Standard,a_NA,pcs_NA
839,0.3547744,c2,AtlasNet_seed=0,Standard,a_NA,pcs_NA
840,0.35456738,c2,AtlasNet_seed=0,Standard,a_NA,pcs_NA
841,0.35392773,c2,AtlasNet_seed=0,Standard,a_NA,pcs_NA
842,0.35337552,c2,AtlasNet_seed=0,Standard,a_NA,pcs_NA
843,0.35291392,c2,AtlasNet_seed=0,Standard,a_NA,pcs_NA
844,0.3522069,c2,AtlasNet_seed=0,Standard,a_NA,pcs_NA
845,0.3516989,c2,AtlasNet_seed=0,Standard,a_NA,pcs_NA
846,0.35110182,c2,AtlasNet_seed=0,Standard,a_NA,pcs_NA
847,0.35033366,c2,AtlasNet_seed=0,Standard,a_NA,pcs_NA
848,0.35025066,c2,AtlasNet_seed=0,Standard,a_NA,pcs_NA
849,0.3487722,c2,AtlasNet_seed=0,Standard,a_NA,pcs_NA
850,0.3482413,c2,AtlasNet_seed=0,Standard,a_NA,pcs_NA
851,0.3480347,c2,AtlasNet_seed=0,Standard,a_NA,pcs_NA
852,0.34692717,c2,AtlasNet_seed=0,Standard,a_NA,pcs_NA
853,0.34689546,c2,AtlasNet_seed=0,Standard,a_NA,pcs_NA
854,0.34607324,c2,AtlasNet_seed=0,Standard,a_NA,pcs_NA
855,0.3450346,c2,AtlasNet_seed=0,Standard,a_NA,pcs_NA
856,0.34480134,c2,AtlasNet_seed=0,Standard,a_NA,pcs_NA
857,0.34453642,c2,AtlasNet_seed=0,Standard,a_NA,pcs_NA
858,0.34366113,c2,AtlasNet_seed=0,Standard,a_NA,pcs_NA
859,0.34332862,c2,AtlasNet_seed=0,Standard,a_NA,pcs_NA
860,0.34214318,c2,AtlasNet_seed=0,Standard,a_NA,pcs_NA
861,0.34180275,c2,AtlasNet_seed=0,Standard,a_NA,pcs_NA
862,0.34102145,c2,AtlasNet_seed=0,Standard,a_NA,pcs_NA
863,0.34069866,c2,AtlasNet_seed=0,Standard,a_NA,pcs_NA
864,0.33995336,c2,AtlasNet_seed=0,Standard,a_NA,pcs_NA
865,0.33931932,c2,AtlasNet_seed=0,Standard,a_NA,pcs_NA
866,0.3388194,c2,AtlasNet_seed=0,Standard,a_NA,pcs_NA
867,0.33790088,c2,AtlasNet_seed=0,Standard,a_NA,pcs_NA
868,0.33713612,c2,AtlasNet_seed=0,Standard,a_NA,pcs_NA
869,0.336692,c2,AtlasNet_seed=0,Standard,a_NA,pcs_NA
870,0.33631703,c2,AtlasNet_seed=0,Standard,a_NA,pcs_NA
871,0.33565402,c2,AtlasNet_seed=0,Standard,a_NA,pcs_NA
872,0.33530542,c2,AtlasNet_seed=0,Standard,a_NA,pcs_NA
873,0.33453858,c2,AtlasNet_seed=0,Standard,a_NA,pcs_NA
874,0.33401525,c2,AtlasNet_seed=0,Standard,a_NA,pcs_NA
875,0.3332293,c2,AtlasNet_seed=0,Standard,a_NA,pcs_NA
876,0.3323428,c2,AtlasNet_seed=0,Standard,a_NA,pcs_NA
877,0.33229747,c2,AtlasNet_seed=0,Standard,a_NA,pcs_NA
878,0.3315428,c2,AtlasNet_seed=0,Standard,a_NA,pcs_NA
879,0.3311221,c2,AtlasNet_seed=0,Standard,a_NA,pcs_NA
880,0.3307601,c2,AtlasNet_seed=0,Standard,a_NA,pcs_NA
881,0.32999578,c2,AtlasNet_seed=0,Standard,a_NA,pcs_NA
882,0.32953683,c2,AtlasNet_seed=0,Standard,a_NA,pcs_NA
883,0.32871437,c2,AtlasNet_seed=0,Standard,a_NA,pcs_NA
884,0.3277037,c2,AtlasNet_seed=0,Standard,a_NA,pcs_NA
885,0.3270076,c2,AtlasNet_seed=0,Standard,a_NA,pcs_NA
886,0.3269567,c2,AtlasNet_seed=0,Standard,a_NA,pcs_NA
887,0.32544833,c2,AtlasNet_seed=0,Standard,a_NA,pcs_NA
888,0.32500735,c2,AtlasNet_seed=0,Standard,a_NA,pcs_NA
889,0.32396126,c2,AtlasNet_seed=0,Standard,a_NA,pcs_NA
890,0.32341862,c2,AtlasNet_seed=0,Standard,a_NA,pcs_NA
891,0.32337448,c2,AtlasNet_seed=0,Standard,a_NA,pcs_NA
892,0.32235044,c2,AtlasNet_seed=0,Standard,a_NA,pcs_NA
893,0.32182145,c2,AtlasNet_seed=0,Standard,a_NA,pcs_NA
894,0.32104865,c2,AtlasNet_seed=0,Standard,a_NA,pcs_NA
895,0.32019034,c2,AtlasNet_seed=0,Standard,a_NA,pcs_NA
896,0.31935385,c2,AtlasNet_seed=0,Standard,a_NA,pcs_NA
897,0.3186774,c2,AtlasNet_seed=0,Standard,a_NA,pcs_NA
898,0.31826082,c2,AtlasNet_seed=0,Standard,a_NA,pcs_NA
899,0.31714448,c2,AtlasNet_seed=0,Standard,a_NA,pcs_NA
900,0.31685904,c2,AtlasNet_seed=0,Standard,a_NA,pcs_NA
901,0.31636217,c2,AtlasNet_seed=0,Standard,a_NA,pcs_NA
902,0.31521899,c2,AtlasNet_seed=0,Standard,a_NA,pcs_NA
903,0.31432584,c2,AtlasNet_seed=0,Standard,a_NA,pcs_NA
904,0.31365204,c2,AtlasNet_seed=0,Standard,a_NA,pcs_NA
905,0.3134,c2,AtlasNet_seed=0,Standard,a_NA,pcs_NA
906,0.31305468,c2,AtlasNet_seed=0,Standard,a_NA,pcs_NA
907,0.3114084,c2,AtlasNet_seed=0,Standard,a_NA,pcs_NA
908,0.31088823,c2,AtlasNet_seed=0,Standard,a_NA,pcs_NA
909,0.31073967,c2,AtlasNet_seed=0,Standard,a_NA,pcs_NA
910,0.31020024,c2,AtlasNet_seed=0,Standard,a_NA,pcs_NA
911,0.30948877,c2,AtlasNet_seed=0,Standard,a_NA,pcs_NA
912,0.30937684,c2,AtlasNet_seed=0,Standard,a_NA,pcs_NA
913,0.30855745,c2,AtlasNet_seed=0,Standard,a_NA,pcs_NA
914,0.3077421,c2,AtlasNet_seed=0,Standard,a_NA,pcs_NA
915,0.30696955,c2,AtlasNet_seed=0,Standard,a_NA,pcs_NA
916,0.30590335,c2,AtlasNet_seed=0,Standard,a_NA,pcs_NA
917,0.30577987,c2,AtlasNet_seed=0,Standard,a_NA,pcs_NA
918,0.30491006,c2,AtlasNet_seed=0,Standard,a_NA,pcs_NA
919,0.304607,c2,AtlasNet_seed=0,Standard,a_NA,pcs_NA
920,0.30388275,c2,AtlasNet_seed=0,Standard,a_NA,pcs_NA
921,0.30307466,c2,AtlasNet_seed=0,Standard,a_NA,pcs_NA
922,0.30247098,c2,AtlasNet_seed=0,Standard,a_NA,pcs_NA
923,0.30186743,c2,AtlasNet_seed=0,Standard,a_NA,pcs_NA
924,0.30135995,c2,AtlasNet_seed=0,Standard,a_NA,pcs_NA
925,0.30104008,c2,AtlasNet_seed=0,Standard,a_NA,pcs_NA
926,0.3002094,c2,AtlasNet_seed=0,Standard,a_NA,pcs_NA
927,0.29933175,c2,AtlasNet_seed=0,Standard,a_NA,pcs_NA
928,0.29862553,c2,AtlasNet_seed=0,Standard,a_NA,pcs_NA
929,0.29797602,c2,AtlasNet_seed=0,Standard,a_NA,pcs_NA
930,0.2966888,c2,AtlasNet_seed=0,Standard,a_NA,pcs_NA
931,0.2962671,c2,AtlasNet_seed=0,Standard,a_NA,pcs_NA
932,0.29547137,c2,AtlasNet_seed=0,Standard,a_NA,pcs_NA
933,0.29440928,c2,AtlasNet_seed=0,Standard,a_NA,pcs_NA
934,0.2938134,c2,AtlasNet_seed=0,Standard,a_NA,pcs_NA
935,0.29222065,c2,AtlasNet_seed=0,Standard,a_NA,pcs_NA
936,0.29215178,c2,AtlasNet_seed=0,Standard,a_NA,pcs_NA
937,0.2916494,c2,AtlasNet_seed=0,Standard,a_NA,pcs_NA
938,0.2912664,c2,AtlasNet_seed=0,Standard,a_NA,pcs_NA
939,0.29052213,c2,AtlasNet_seed=0,Standard,a_NA,pcs_NA
940,0.289081,c2,AtlasNet_seed=0,Standard,a_NA,pcs_NA
941,0.2884351,c2,AtlasNet_seed=0,Standard,a_NA,pcs_NA
942,0.2876694,c2,AtlasNet_seed=0,Standard,a_NA,pcs_NA
943,0.28702757,c2,AtlasNet_seed=0,Standard,a_NA,pcs_NA
944,0.28687423,c2,AtlasNet_seed=0,Standard,a_NA,pcs_NA
945,0.2863669,c2,AtlasNet_seed=0,Standard,a_NA,pcs_NA
946,0.2859127,c2,AtlasNet_seed=0,Standard,a_NA,pcs_NA
947,0.28549457,c2,AtlasNet_seed=0,Standard,a_NA,pcs_NA
948,0.28436783,c2,AtlasNet_seed=0,Standard,a_NA,pcs_NA
949,0.2835313,c2,AtlasNet_seed=0,Standard,a_NA,pcs_NA
950,0.28256762,c2,AtlasNet_seed=0,Standard,a_NA,pcs_NA
951,0.282023,c2,AtlasNet_seed=0,Standard,a_NA,pcs_NA
952,0.28036678,c2,AtlasNet_seed=0,Standard,a_NA,pcs_NA
953,0.2796606,c2,AtlasNet_seed=0,Standard,a_NA,pcs_NA
954,0.27888882,c2,AtlasNet_seed=0,Standard,a_NA,pcs_NA
955,0.27787992,c2,AtlasNet_seed=0,Standard,a_NA,pcs_NA
956,0.27743688,c2,AtlasNet_seed=0,Standard,a_NA,pcs_NA
957,0.27693424,c2,AtlasNet_seed=0,Standard,a_NA,pcs_NA
958,0.27594957,c2,AtlasNet_seed=0,Standard,a_NA,pcs_NA
959,0.27514753,c2,AtlasNet_seed=0,Standard,a_NA,pcs_NA
960,0.27469054,c2,AtlasNet_seed=0,Standard,a_NA,pcs_NA
961,0.27444944,c2,AtlasNet_seed=0,Standard,a_NA,pcs_NA
962,0.27331576,c2,AtlasNet_seed=0,Standard,a_NA,pcs_NA
963,0.27167004,c2,AtlasNet_seed=0,Standard,a_NA,pcs_NA
964,0.2715777,c2,AtlasNet_seed=0,Standard,a_NA,pcs_NA
965,0.2710593,c2,AtlasNet_seed=0,Standard,a_NA,pcs_NA
966,0.27025065,c2,AtlasNet_seed=0,Standard,a_NA,pcs_NA
967,0.26874864,c2,AtlasNet_seed=0,Standard,a_NA,pcs_NA
968,0.268463,c2,AtlasNet_seed=0,Standard,a_NA,pcs_NA
969,0.26721475,c2,AtlasNet_seed=0,Standard,a_NA,pcs_NA
970,0.26683548,c2,AtlasNet_seed=0,Standard,a_NA,pcs_NA
971,0.26622874,c2,AtlasNet_seed=0,Standard,a_NA,pcs_NA
972,0.26531687,c2,AtlasNet_seed=0,Standard,a_NA,pcs_NA
973,0.26497877,c2,AtlasNet_seed=0,Standard,a_NA,pcs_NA
974,0.26387507,c2,AtlasNet_seed=0,Standard,a_NA,pcs_NA
975,0.26327133,c2,AtlasNet_seed=0,Standard,a_NA,pcs_NA
976,0.2614365,c2,AtlasNet_seed=0,Standard,a_NA,pcs_NA
977,0.26065466,c2,AtlasNet_seed=0,Standard,a_NA,pcs_NA
978,0.2599212,c2,AtlasNet_seed=0,Standard,a_NA,pcs_NA
979,0.2584416,c2,AtlasNet_seed=0,Standard,a_NA,pcs_NA
980,0.25813162,c2,AtlasNet_seed=0,Standard,a_NA,pcs_NA
981,0.25649825,c2,AtlasNet_seed=0,Standard,a_NA,pcs_NA
982,0.25568572,c2,AtlasNet_seed=0,Standard,a_NA,pcs_NA
983,0.2547324,c2,AtlasNet_seed=0,Standard,a_NA,pcs_NA
984,0.25357747,c2,AtlasNet_seed=0,Standard,a_NA,pcs_NA
985,0.25271147,c2,AtlasNet_seed=0,Standard,a_NA,pcs_NA
986,0.25243944,c2,AtlasNet_seed=0,Standard,a_NA,pcs_NA
987,0.25089723,c2,AtlasNet_seed=0,Standard,a_NA,pcs_NA
988,0.2499145,c2,AtlasNet_seed=0,Standard,a_NA,pcs_NA
989,0.24838199,c2,AtlasNet_seed=0,Standard,a_NA,pcs_NA
990,0.24709207,c2,AtlasNet_seed=0,Standard,a_NA,pcs_NA
991,0.24542327,c2,AtlasNet_seed=0,Standard,a_NA,pcs_NA
992,0.24463354,c2,AtlasNet_seed=0,Standard,a_NA,pcs_NA
993,0.24336274,c2,AtlasNet_seed=0,Standard,a_NA,pcs_NA
994,0.2413591,c2,AtlasNet_seed=0,Standard,a_NA,pcs_NA
995,0.24031039,c2,AtlasNet_seed=0,Standard,a_NA,pcs_NA
996,0.23843366,c2,AtlasNet_seed=0,Standard,a_NA,pcs_NA
997,0.23743644,c2,AtlasNet_seed=0,Standard,a_NA,pcs_NA
998,0.23528776,c2,AtlasNet_seed=0,Standard,a_NA,pcs_NA
999,0.23325455,c2,AtlasNet_seed=0,Standard,a_NA,pcs_NA
1000,0.22919731,c2,AtlasNet_seed=0,Standard,a_NA,pcs_NA
